variable,value
C_ap,566.1265161290322
C_al,575.9824285714285
d13C_ap,-6.334705882352941
d13C_al,-6.620909090909089
